,mu1,sigma_u1,sigma_w1,mu2,sigma_u2,sigma_w2
unconstrained,-11.374797821044922,1.8035643350467003,1.5928364988702144,-1.4663697481155396,1.7813087580720397,1.2246400216655702
