,mu1,sigma_u1,sigma_w1,mu2,sigma_u2,sigma_w2
unconstrained,-5.661843299865723,1.8442617905810637,1.616330775614138,-0.7237929105758667,1.7202369636754664,1.218073772609355
