,mu1,sigma_u1,sigma_w1,mu2,sigma_u2,sigma_w2
unconstrained,-5.687292098999023,1.8025631354837852,1.5832708449061812,-0.7424961924552917,1.8227812481473733,1.223997822605399
